new el marg,el marg,ezbet el nakhl,ain shams,el matarya,helmyet el zaytoun,hadayeq el zaytoun,saray el qobba,hamamat el qobba,hamamat el qobba,manshyet elsadr,el demerdash,ghamra,el shohadaa,ahmed urabi,gamal abdel nasser,el sadat,saad zaghlol,el sayedda zainab,al saydaa zainab,el malek el saleh,mar girgis,el zahraa,dar el salam,hadayek el maadi,maadi,sakanat el maadi,tora el balad,kozzika,tora el asmant,el maasra,hadayek helwa,wadi hof,helwan university,ain helwan,helwan